{
    "parent": "item/generated",
    "display": {
        "thirdperson": {
            "rotation": [ 0, 90, -115 ],
            "translation": [ 0, -2.75, -3 ],
            "scale": [ 2, 2, 2 ]
        },
        "firstperson": {
            "rotation": [ 0, -135, 25 ],
            "translation": [ 0, 4, 2 ],
            "scale": [ 3.4, 3.4, 3.4 ]
        },
        "ground": {
            "scale": [ 2, 2, 2 ],
            "translation": [ 0, 4, 0 ]
        },
        "fixed": {
            "scale": [ 2, 2, 2]
        }
    }
}
