{
	"ambientocclusion": false,
	"texture_size": [32, 32],
	"textures": {
		"1": "entity/enderdragon/dragon",
		"particle": "blocks/null_overlay"
	},
	"elements": [
		{
			"from": [4, 0, 8],
			"to": [12, 8, 16],
			"rotation": {"angle": 0, "axis": "y", "origin": [8, 9.17857, 7.71429]},
			"faces": {
				"north": {"uv": [8, 2.875, 9, 3.875], "texture": "#1"},
				"east": {"uv": [9, 2.875, 10, 3.875], "texture": "#1"},
				"south": {"uv": [10, 2.875, 11, 3.875], "texture": "#1"},
				"west": {"uv": [7, 2.875, 8, 3.875], "texture": "#1"},
				"up": {"uv": [9, 2.875, 8, 1.875], "texture": "#1"},
				"down": {"uv": [10, 1.875, 9, 2.875], "texture": "#1"}
			}
		},
		{
			"from": [5, 8, 11],
			"to": [6, 10, 14],
			"rotation": {"angle": 0, "axis": "y", "origin": [8, 9.17857, 7.71429]},
			"faces": {
				"north": {"uv": [0.375, 0.375, 0.5, 0.625], "texture": "#1"},
				"east": {"uv": [0, 0.375, 0.375, 0.625], "texture": "#1"},
				"south": {"uv": [0.875, 0.375, 1, 0.625], "texture": "#1"},
				"west": {"uv": [0.5, 0.375, 0.875, 0.625], "texture": "#1"},
				"up": {"uv": [0.5, 0.375, 0.375, 0], "texture": "#1"},
				"down": {"uv": [0.5, 0, 0.625, 0.375], "texture": "#1"}
			}
		},
		{
			"from": [10, 8, 11],
			"to": [11, 10, 14],
			"rotation": {"angle": 0, "axis": "y", "origin": [8, 9.17857, 7.71429]},
			"faces": {
				"north": {"uv": [3.375, 0.375, 3.5, 0.625], "texture": "#1"},
				"east": {"uv": [3, 0.375, 3.375, 0.625], "texture": "#1"},
				"south": {"uv": [3.875, 0.375, 4, 0.625], "texture": "#1"},
				"west": {"uv": [3.5, 0.375, 3.875, 0.625], "texture": "#1"},
				"up": {"uv": [3.5, 0.375, 3.375, 0], "texture": "#1"},
				"down": {"uv": [3.625, 0, 3.5, 0.375], "texture": "#1"}
			}
		},
		{
			"from": [9.5, 4.5, 2],
			"to": [10.5, 5.5, 4],
			"rotation": {"angle": 0, "axis": "y", "origin": [8, 9.17857, 7.71429]},
			"faces": {
				"north": {"uv": [7.25, 0.25, 7.375, 0.375], "texture": "#1"},
				"east": {"uv": [7.375, 0.25, 7.625, 0.375], "texture": "#1"},
				"south": {"uv": [7.625, 0.25, 7.75, 0.375], "texture": "#1"},
				"west": {"uv": [7, 0.25, 7.25, 0.375], "texture": "#1"},
				"up": {"uv": [7.375, 0.25, 7.25, 0], "texture": "#1"},
				"down": {"uv": [10.5, 12, 10, 13.5], "texture": "#missing"}
			}
		},
		{
			"from": [5.5, 4.5, 2],
			"to": [6.5, 5.5, 4],
			"rotation": {"angle": 0, "axis": "y", "origin": [8, 9.17857, 7.71429]},
			"faces": {
				"north": {"uv": [7.25, 0.25, 7.375, 0.375], "texture": "#1"},
				"east": {"uv": [7, 0.25, 7.25, 0.375], "texture": "#1"},
				"south": {"uv": [7.625, 0.25, 7.75, 0.375], "texture": "#1"},
				"west": {"uv": [7.375, 0.25, 7.625, 0.375], "texture": "#1"},
				"up": {"uv": [7.375, 0.25, 7.25, 0], "texture": "#1"},
				"down": {"uv": [0.5, 13, 0, 14.5], "texture": "#missing"}
			}
		},
		{
			"from": [5, -1, 1],
			"to": [11, 1, 9],
			"rotation": {"angle": -22.5, "axis": "x", "origin": [8, 1, 5]},
			"faces": {
				"north": {"uv": [12, 5.0625, 12.8125, 5.3125], "texture": "#1"},
				"east": {"uv": [10.875, 5.0625, 12, 5.3125], "texture": "#1"},
				"south": {"uv": [11, 9, 14, 10], "texture": "#missing"},
				"west": {"uv": [12.8125, 5.0625, 13.9375, 5.3125], "texture": "#1"},
				"up": {"uv": [12.75, 5.0625, 12, 3.9375], "texture": "#1"},
				"down": {"uv": [13.5, 3.9375, 12.75, 5.0625], "texture": "#1"}
			}
		},
		{
			"from": [5, 2, 1],
			"to": [11, 4.5, 9],
			"rotation": {"angle": 0, "axis": "y", "origin": [8, 9.17857, 7.71429]},
			"faces": {
				"north": {"uv": [12, 3.75, 12.75, 4.0625], "texture": "#1"},
				"east": {"uv": [10.875, 3.75, 12, 4.0625], "texture": "#1"},
				"south": {"uv": [11, 4.5, 14, 6], "texture": "#missing"},
				"west": {"uv": [12.75, 3.75, 13.875, 4.0625], "texture": "#1"},
				"up": {"uv": [12.75, 3.75, 12, 2.625], "texture": "#1"},
				"down": {"uv": [13.5, 2.625, 12.75, 3.75], "texture": "#1"}
			}
		}
	],
	"display": {
		"gui": {
            "translation": [ -1.7, 1.5, 1 ],
            "scale": [ 1.45, 1.45, 1.45 ]
        },
        "fixed": {
            "rotation": [ 0, 180, 0 ],
            "translation": [ 0, 8, 7],
            "scale":[ 3, 3, 3 ]
        },
        "ground": {
            "rotation": [ 0, 0, 0 ],
            "translation": [ 0, 3, 0 ],
            "scale": [ 2, 2, 2 ]
        },
        "thirdperson": {
            "rotation": [ 90, 0, -180 ],
            "translation": [ 0, 2.5, -2.01 ],
            "scale": [ 0.76, 0.76, 0.76 ]
        },
		"firstperson": {
			"rotation": [ 0, -225, 0 ],
			"translation": [ -10, 6, 6 ],
			"scale": [ 3, 3, 3 ]
		}
    }
}