{
	"ambientocclusion": false,
	"textures": {
		"3": "blocks/null_overlay",
		"cross": "blocks/double_plant_sunflower_top",
		"back": "blocks/double_plant_sunflower_back",
		"particle": "blocks/double_plant_sunflower_front",
		"front": "blocks/double_plant_sunflower_front"
	},
	"elements": [
		{
			"from": [0.8, 0, 8],
			"to": [15.2, 8, 8],
			"shade": false,
			"rotation": {"angle": 45, "axis": "y", "origin": [8, 8, 8], "rescale": true},
			"faces": {
				"north": {"uv": [0, 8, 16, 16], "texture": "#cross"},
				"south": {"uv": [0, 8, 16, 16], "texture": "#cross"}
			}
		},
		{
			"from": [8, 0, 0.8],
			"to": [8, 8, 15.2],
			"shade": false,
			"rotation": {"angle": 45, "axis": "y", "origin": [8, 8, 8], "rescale": true},
			"faces": {
				"east": {"uv": [0, 8, 16, 16], "texture": "#cross"},
				"west": {"uv": [0, 8, 16, 16], "texture": "#cross"}
			}
		},
		{
			"from": [9.6, -1, 1],
			"to": [9.6, 15, 15],
			"shade": false,
			"rotation": {"angle": 22.5, "axis": "z", "origin": [8, 8, 8], "rescale": true},
			"faces": {
				"east": {"uv": [0, 0, 16, 16], "texture": "#front"},
				"west": {"uv": [0, 0, 16, 16], "texture": "#back"}
			}
		},
		{
			"from": [-0.01, -0.01, -0.01],
			"to": [16.01, 16.01, 16.01],
			"faces": {
				"north": {"uv": [0, 0, 16, 16], "texture": "#3"},
				"east": {"uv": [0, 0, 16, 16], "texture": "#3"},
				"south": {"uv": [0, 0, 16, 16], "texture": "#3"},
				"west": {"uv": [0, 0, 16, 16], "texture": "#3"},
				"up": {"uv": [0, 0, 16, 16], "texture": "#3"},
				"down": {"uv": [0, 0, 16, 16], "texture": "#3"}
			}
		}
	]
}