{
	"credit": "Made with Blockbench",
	"texture_size": [32, 32],
	"textures": {
		"0": "skyblock/tools/metal_detector",
		"particle": "skyblock/tools/metal_detector"
	},
	"elements": [
		{
			"from": [4, 0, 0],
			"to": [12, 2, 9],
			"faces": {
				"north": {"uv": [4, 6.5, 8, 7.5], "texture": "#0"},
				"east": {"uv": [4, 4.5, 8.5, 5.5], "texture": "#0"},
				"south": {"uv": [4, 7.5, 8, 8.5], "texture": "#0"},
				"west": {"uv": [4, 5.5, 8.5, 6.5], "texture": "#0"},
				"up": {"uv": [4, 4.5, 0, 0], "texture": "#0"},
				"down": {"uv": [8, 0, 4, 4.5], "texture": "#0"}
			}
		},
		{
			"from": [7, 2, 10],
			"to": [9, 7, 12],
			"rotation": {"angle": 22.5, "axis": "x", "origin": [8, 11, 7]},
			"faces": {
				"north": {"uv": [8, 0, 9, 2.5], "texture": "#0"},
				"east": {"uv": [8, 6.5, 9, 9], "texture": "#0"},
				"south": {"uv": [8.5, 2.5, 9.5, 5], "texture": "#0"},
				"west": {"uv": [4, 8.5, 5, 11], "texture": "#0"},
				"up": {"uv": [9.5, 6, 8.5, 5], "texture": "#0"},
				"down": {"uv": [10, 6, 9, 7], "texture": "#0"}
			}
		},
		{
			"from": [7, 13, 10],
			"to": [9, 18, 12],
			"rotation": {"angle": 22.5, "axis": "x", "origin": [8, 11, 7]},
			"faces": {
				"north": {"uv": [5, 8.5, 6, 11], "texture": "#0"},
				"east": {"uv": [6, 8.5, 7, 11], "texture": "#0"},
				"south": {"uv": [7, 8.5, 8, 11], "texture": "#0"},
				"west": {"uv": [9, 0, 10, 2.5], "texture": "#0"},
				"up": {"uv": [10, 9, 9, 8], "texture": "#0"},
				"down": {"uv": [10, 9, 9, 10], "texture": "#0"}
			}
		},
		{
			"from": [7.125, 7, 10.125],
			"to": [8.875, 17, 11.875],
			"rotation": {"angle": 22.5, "axis": "x", "origin": [8, 11, 7]},
			"faces": {
				"north": {"uv": [0, 4.5, 1, 9.5], "texture": "#0"},
				"east": {"uv": [1, 4.5, 2, 9.5], "texture": "#0"},
				"south": {"uv": [2, 4.5, 3, 9.5], "texture": "#0"},
				"west": {"uv": [3, 4.5, 4, 9.5], "texture": "#0"},
				"up": {"uv": [10, 8, 9, 7], "texture": "#0"},
				"down": {"uv": [9, 9, 8, 10], "texture": "#0"}
			}
		}
	],
	"display": {
		"thirdperson": {
			"rotation": [165, 180, 0],
			"translation": [0, 4.25, -3.25]
		},
		"firstperson": {
			"rotation": [0, -60, 0],
			"scale": [2, 2, 2],
			"translation": [0, 0, -1]
		},
		"ground": {
			"translation": [0, 4.75, 0]
		},
		"gui": {
			"scale": [1.25, 1.25, 1.25],
			"rotation": [10, -80, 0],
			"translation": [-1, 0 ,0]
		},
		"fixed": {
			"rotation": [0, 90, 0],
			"translation": [0, 0, -1.5]
		}
	}
}